frame,time_s,central_non_burgundy_width_px_at_y450,left_x,right_x,delta_width_px
40,1.3,7,295,301,
41,1.3333333333333333,8,289,296,1.0
42,1.3666666666666667,9,285,293,1.0
43,1.4,13,281,293,4.0
44,1.4333333333333333,15,278,292,2.0
45,1.4666666666666666,18,276,293,3.0
46,1.5,21,274,294,3.0
47,1.5333333333333334,22,272,293,1.0
48,1.5666666666666667,27,271,297,5.0
49,1.6,29,269,297,2.0
50,1.6333333333333333,33,267,299,4.0
51,1.6666666666666667,39,265,303,6.0
52,1.7,42,263,304,3.0
53,1.7333333333333334,50,261,310,8.0
54,1.7666666666666666,55,259,313,5.0
55,1.8,60,257,316,5.0
56,1.8333333333333333,66,254,319,6.0
57,1.8666666666666667,71,252,322,5.0
58,1.9,78,248,325,7.0
59,1.9333333333333333,83,247,329,5.0
60,1.9666666666666666,91,243,333,8.0
61,2.0,97,240,336,6.0
62,2.033333333333333,103,238,340,6.0
63,2.066666666666667,111,234,344,8.0
64,2.1,117,232,348,6.0
65,2.1333333333333333,125,228,352,8.0
66,2.1666666666666665,132,225,356,7.0
67,2.2,136,224,359,4.0
68,2.2333333333333334,145,220,364,9.0
69,2.2666666666666666,151,218,368,6.0
70,2.3,160,215,374,9.0
71,2.3333333333333335,168,211,378,8.0
72,2.3666666666666667,176,208,383,8.0
73,2.4,181,207,387,5.0
74,2.433333333333333,189,204,392,8.0
75,2.466666666666667,196,201,396,7.0
76,2.5,201,200,400,5.0
77,2.533333333333333,210,196,405,9.0
78,2.566666666666667,217,193,409,7.0
79,2.6,222,192,413,5.0
80,2.6333333333333333,226,192,417,4.0
81,2.6666666666666665,234,188,421,8.0
82,2.7,240,186,425,6.0
83,2.7333333333333334,246,185,430,6.0
84,2.7666666666666666,252,182,433,6.0
85,2.8,256,182,437,4.0
86,2.8333333333333335,265,177,441,9.0
87,2.8666666666666667,279,176,454,14.0
88,2.9,280,175,454,1.0
